id,Datum,Z1,Z2,Z3,Z4,Z5,EZ1,EZ2
1,2012-03-23,5,46,37,21,8,8,6
2,2012-03-30,19,5,7,12,26,1,5
3,2012-04-06,36,38,34,8,7,5,4
4,2012-04-13,12,27,32,5,11,3,1
5,2012-04-20,30,16,45,41,10,2,8
6,2012-04-27,40,13,10,19,45,3,5
7,2012-05-04,29,45,41,35,30,5,3
8,2012-05-11,38,21,39,47,15,1,5
9,2012-05-18,46,43,12,44,18,5,4
10,2012-05-25,32,11,41,26,4,5,7
11,2012-06-01,34,38,28,37,11,3,7
12,2012-06-08,44,36,10,16,15,7,8
13,2012-06-15,17,6,10,42,18,3,1
14,2012-06-22,14,49,16,47,13,1,7
15,2012-06-29,8,5,19,36,33,2,3
16,2012-07-06,38,22,24,10,33,6,2
17,2012-07-13,12,8,31,27,37,6,3
18,2012-07-20,9,13,25,6,14,8,1
19,2012-07-27,9,34,35,23,22,1,3
20,2012-08-03,12,25,24,18,15,4,5
21,2012-08-10,40,46,48,6,11,3,6
22,2012-08-17,34,35,3,30,16,2,5
23,2012-08-24,49,20,9,21,33,7,5
24,2012-08-31,40,28,8,42,22,8,4
25,2012-09-07,15,23,25,46,49,2,4
26,2012-09-14,14,15,47,10,24,4,8
27,2012-09-21,41,49,29,44,18,5,1
28,2012-09-28,5,14,16,39,34,6,1
29,2012-10-05,26,28,49,40,50,7,2
30,2012-10-12,43,6,49,17,11,4,8
31,2012-10-19,18,14,6,48,19,8,3
32,2012-10-26,19,22,7,18,17,5,4
33,2012-11-02,12,5,7,31,3,5,7
34,2012-11-09,44,29,38,41,25,8,3
35,2012-11-16,4,1,21,26,7,4,7
36,2012-11-23,50,1,21,32,36,2,5
37,2012-11-30,21,2,24,13,37,6,7
38,2012-12-07,42,20,13,22,27,5,3
39,2012-12-14,31,35,17,28,39,5,8
40,2012-12-21,11,24,20,25,35,4,8
41,2012-12-28,39,32,8,5,22,8,7
42,2013-01-04,45,6,40,20,29,5,8
43,2013-01-11,37,31,6,41,49,2,3
44,2013-01-18,21,13,45,9,28,7,6
45,2013-01-25,37,4,38,13,28,8,7
46,2013-02-01,2,26,29,14,4,6,7
47,2013-02-08,43,12,14,17,27,1,7
48,2013-02-15,32,9,26,40,4,3,5
49,2013-02-22,49,3,41,13,46,8,3
50,2013-03-01,44,19,34,28,29,5,1
51,2013-03-08,30,10,14,12,43,2,5
52,2013-03-15,4,30,32,50,41,5,7
53,2013-03-22,43,21,48,12,5,5,6
54,2013-03-29,37,27,1,50,22,7,5
55,2013-04-05,38,22,31,41,37,2,6
56,2013-04-12,22,8,19,40,32,8,1
57,2013-04-19,24,17,18,25,22,6,1
58,2013-04-26,11,19,23,49,14,5,4
59,2013-05-03,48,28,16,14,44,7,3
60,2013-05-10,33,35,31,9,6,7,1
61,2013-05-17,6,32,4,10,13,1,8
62,2013-05-24,20,2,41,4,9,5,3
63,2013-05-31,9,40,12,5,23,7,2
64,2013-06-07,9,35,6,11,29,6,2
65,2013-06-14,1,47,48,25,46,8,3
66,2013-06-21,5,50,14,23,21,7,2
67,2013-06-28,49,23,33,8,6,8,3
68,2013-07-05,16,50,15,19,17,7,5
69,2013-07-12,47,33,48,7,27,2,7
70,2013-07-19,7,37,19,33,18,2,5
71,2013-07-26,13,25,4,19,43,3,4
72,2013-08-02,14,37,29,33,23,5,2
73,2013-08-09,34,49,7,32,26,6,1
74,2013-08-16,32,38,33,49,5,8,3
75,2013-08-23,10,4,25,30,47,2,3
76,2013-08-30,9,43,17,6,10,8,2
77,2013-09-06,7,32,44,3,20,5,4
78,2013-09-13,3,10,43,18,31,1,7
79,2013-09-20,15,2,6,24,18,5,7
80,2013-09-27,10,36,21,34,6,4,1
81,2013-10-04,7,48,16,21,1,1,8
82,2013-10-11,34,2,11,29,23,7,8
83,2013-10-18,24,41,7,25,22,1,3
84,2013-10-25,9,41,25,46,39,8,2
85,2013-11-01,26,13,27,7,10,8,5
86,2013-11-08,42,28,34,25,18,4,3
87,2013-11-15,3,43,19,48,32,4,8
88,2013-11-22,1,47,38,42,39,2,1
89,2013-11-29,35,17,25,32,45,7,4
90,2013-12-06,47,18,8,25,1,7,2
91,2013-12-13,28,49,24,9,19,8,2
92,2013-12-20,37,12,22,9,40,8,6
93,2013-12-27,2,15,43,40,33,3,7
94,2014-01-03,1,16,37,36,34,4,6
95,2014-01-10,18,8,33,40,22,8,2
96,2014-01-17,17,4,29,25,7,2,4
97,2014-01-24,46,36,30,28,4,3,7
98,2014-01-31,17,39,12,29,40,5,6
99,2014-02-07,18,36,20,49,16,3,4
100,2014-02-14,28,22,21,45,19,6,7
101,2014-02-21,2,21,4,41,30,7,8
102,2014-02-28,2,21,45,22,17,5,1
103,2014-03-07,15,14,20,39,7,1,8
104,2014-03-14,13,9,7,30,6,4,7
105,2014-03-21,42,8,35,38,18,4,6
106,2014-03-28,32,10,38,45,35,5,4
107,2014-04-04,33,10,30,28,16,4,6
108,2014-04-11,1,44,14,7,22,1,2
109,2014-04-18,44,40,32,49,12,2,3
110,2014-04-25,10,39,4,48,7,3,4
111,2014-05-02,34,33,31,32,9,8,6
112,2014-05-09,43,14,1,22,11,4,3
113,2014-05-16,36,43,28,42,9,8,2
114,2014-05-23,6,21,33,47,37,7,8
115,2014-05-30,25,17,26,7,35,7,4
116,2014-06-06,19,37,38,6,9,8,4
117,2014-06-13,18,1,8,39,15,6,1
118,2014-06-20,33,10,41,23,6,6,8
119,2014-06-27,35,42,33,44,11,4,6
120,2014-07-04,11,10,13,3,42,8,1
121,2014-07-11,35,16,45,10,3,4,6
122,2014-07-18,6,45,11,15,18,5,8
123,2014-07-25,43,3,47,10,36,5,2
124,2014-08-01,5,18,47,38,33,6,3
125,2014-08-08,21,40,15,34,19,3,4
126,2014-08-15,47,17,41,43,38,6,4
127,2014-08-22,42,40,19,47,20,8,2
128,2014-08-29,12,1,8,37,9,6,2
129,2014-09-05,31,40,26,39,33,5,6
130,2014-09-12,25,9,29,2,17,3,5
131,2014-09-19,38,13,20,18,39,1,8
132,2014-09-26,26,44,8,32,50,4,7
133,2014-10-03,44,34,8,15,49,8,4
134,2014-10-10,17,22,20,11,29,6,4
135,2014-10-17,24,27,35,14,39,7,8
136,2014-10-24,37,26,22,15,3,2,4
137,2014-10-31,3,27,7,43,46,3,8
138,2014-11-07,5,35,33,25,13,8,4
139,2014-11-14,49,25,41,45,22,5,2
140,2014-11-21,43,4,35,41,18,4,5
141,2014-11-28,6,35,18,16,29,9,6
142,2014-12-05,11,32,25,47,42,4,9
143,2014-12-12,15,1,8,37,19,7,9
144,2014-12-19,10,25,49,11,32,5,9
145,2014-12-26,39,2,30,43,21,5,7
146,2015-01-02,48,38,29,42,16,5,6
147,2015-01-09,41,27,19,20,13,9,5
148,2015-01-16,4,48,1,14,32,5,6
149,2015-01-23,30,2,32,14,13,3,1
150,2015-01-30,4,3,11,8,41,2,8
151,2015-02-06,22,19,37,3,39,10,5
152,2015-02-13,14,48,46,3,7,6,9
153,2015-02-20,18,29,16,44,1,7,2
154,2015-02-27,30,9,49,28,43,10,8
155,2015-03-06,16,32,9,17,20,2,3
156,2015-03-13,39,10,25,1,44,1,2
157,2015-03-20,9,13,38,11,35,7,5
158,2015-03-27,31,33,50,3,26,3,9
159,2015-04-03,34,48,37,43,5,4,2
160,2015-04-10,18,1,26,40,47,3,4
161,2015-04-17,20,13,5,33,6,8,3
162,2015-04-24,33,27,17,46,4,3,9
163,2015-05-01,25,50,30,8,24,4,6
164,2015-05-08,31,19,46,40,32,9,8
165,2015-05-15,38,12,14,46,18,9,10
166,2015-05-22,24,23,50,39,8,5,1
167,2015-05-29,16,38,28,6,1,1,6
168,2015-06-05,40,19,41,50,38,5,1
169,2015-06-12,27,23,17,30,39,6,8
170,2015-06-19,21,12,14,39,20,10,5
171,2015-06-26,27,14,28,35,47,1,8
172,2015-07-03,40,45,31,1,41,5,9
173,2015-07-10,35,47,12,36,39,3,6
174,2015-07-17,37,21,30,6,44,1,3
175,2015-07-24,6,30,12,15,20,3,6
176,2015-07-31,24,11,49,19,46,1,5
177,2015-08-07,15,49,1,22,9,4,7
178,2015-08-14,28,41,1,7,27,2,6
179,2015-08-21,13,20,39,40,42,3,9
180,2015-08-28,8,5,34,46,33,8,3
181,2015-09-04,12,23,46,41,37,3,7
182,2015-09-11,31,30,7,22,27,7,5
183,2015-09-18,3,48,41,13,7,1,7
184,2015-09-25,5,13,3,16,30,6,3
185,2015-10-02,39,7,9,28,47,8,2
186,2015-10-09,26,23,14,31,13,3,9
187,2015-10-16,38,11,19,42,46,3,9
188,2015-10-23,16,36,34,49,18,8,6
189,2015-10-30,5,15,16,37,36,5,3
190,2015-11-06,22,24,4,2,8,3,9
191,2015-11-13,23,49,27,19,26,10,3
192,2015-11-20,1,36,31,18,20,5,9
193,2015-11-27,2,26,49,13,7,3,4
194,2015-12-04,16,34,14,26,38,8,2
195,2015-12-11,36,37,49,39,34,10,8
196,2015-12-18,11,27,19,32,42,9,5
197,2015-12-25,8,36,33,34,9,9,3
198,2016-01-01,14,35,45,11,44,5,6
199,2016-01-08,47,1,2,24,5,8,3
200,2016-01-15,23,25,4,39,37,9,1
201,2016-01-22,19,3,26,36,29,4,9
202,2016-01-29,42,40,3,32,20,4,9
203,2016-02-05,37,25,35,43,10,5,8
204,2016-02-12,33,21,7,41,20,2,1
205,2016-02-19,49,12,29,10,28,4,3
206,2016-02-26,19,45,11,42,9,7,10
207,2016-03-04,13,2,10,5,28,10,3
208,2016-03-11,10,31,16,40,37,9,3
209,2016-03-18,20,10,50,35,47,7,4
210,2016-03-25,35,9,19,20,10,4,3
211,2016-04-01,40,49,6,21,12,10,8
212,2016-04-08,16,1,2,31,50,7,1
213,2016-04-15,39,46,1,17,5,6,7
214,2016-04-22,31,5,33,49,28,2,1
215,2016-04-29,24,10,40,14,20,2,10
216,2016-05-06,45,24,46,12,38,10,6
217,2016-05-13,39,7,6,36,40,10,1
218,2016-05-20,6,23,19,33,34,7,4
219,2016-05-27,4,48,33,10,26,5,9
220,2016-06-03,13,32,20,47,34,6,9
221,2016-06-10,12,26,28,37,11,10,8
222,2016-06-17,44,16,23,18,19,3,1
223,2016-06-24,24,19,48,21,41,6,1
224,2016-07-01,50,47,37,29,38,2,4
225,2016-07-08,31,21,4,42,19,5,10
226,2016-07-15,12,38,36,50,22,9,2
227,2016-07-22,14,26,20,6,46,4,2
228,2016-07-29,22,8,36,4,44,5,10
229,2016-08-05,11,12,40,5,30,5,2
230,2016-08-12,15,6,38,21,18,4,1
231,2016-08-19,46,22,33,43,42,10,6
232,2016-08-26,9,33,4,8,43,5,9
233,2016-09-02,30,28,15,50,42,8,1
234,2016-09-09,11,27,35,34,39,10,6
235,2016-09-16,28,30,15,37,43,5,2
236,2016-09-23,1,45,7,25,23,8,5
237,2016-09-30,39,4,44,29,28,10,8
238,2016-10-07,1,43,20,44,10,9,6
239,2016-10-14,42,10,25,7,39,3,6
240,2016-10-21,28,35,14,16,34,3,9
241,2016-10-28,12,4,6,13,1,1,6
242,2016-11-04,15,16,50,22,14,2,10
243,2016-11-11,42,18,47,16,1,6,8
244,2016-11-18,16,7,40,10,32,6,1
245,2016-11-25,19,45,49,34,28,1,6
246,2016-12-02,39,48,1,20,50,3,7
247,2016-12-09,29,17,44,12,50,2,10
248,2016-12-16,2,34,25,24,3,6,8
249,2016-12-23,46,13,27,42,30,4,3
250,2016-12-30,27,30,50,47,45,9,1
251,2017-01-06,14,27,7,23,35,3,5
252,2017-01-13,45,2,26,44,21,1,6
253,2017-01-20,40,23,5,25,35,5,8
254,2017-01-27,15,12,29,19,48,7,9
255,2017-02-03,39,47,5,17,4,3,4
256,2017-02-10,13,23,44,31,42,2,5
257,2017-02-17,40,49,19,7,18,5,6
258,2017-02-24,13,19,7,20,1,8,6
259,2017-03-03,7,3,16,18,25,10,2
260,2017-03-10,18,20,35,13,46,7,8
261,2017-03-17,38,25,3,45,16,8,7
262,2017-03-24,25,30,44,36,26,3,9
263,2017-03-31,44,14,8,40,34,1,7
264,2017-04-07,46,45,27,43,10,8,4
265,2017-04-14,49,6,46,22,33,1,5
266,2017-04-21,49,44,27,31,46,6,8
267,2017-04-28,3,38,45,39,41,5,3
268,2017-05-05,41,11,42,23,8,8,6
269,2017-05-12,31,14,7,46,35,2,1
270,2017-05-19,41,33,22,50,46,6,2
271,2017-05-26,11,13,3,23,15,1,9
272,2017-06-02,4,17,46,2,20,1,8
273,2017-06-09,13,24,47,17,20,8,5
274,2017-06-16,31,24,38,1,25,7,1
275,2017-06-23,6,14,27,35,19,2,4
276,2017-06-30,11,31,1,3,18,6,3
277,2017-07-07,15,17,30,16,23,9,6
278,2017-07-14,49,3,9,25,31,9,8
279,2017-07-21,27,36,38,35,48,2,3
280,2017-07-28,40,45,26,14,18,1,5
281,2017-08-04,39,44,46,47,18,4,6
282,2017-08-11,40,21,13,23,14,1,3
283,2017-08-18,32,4,20,34,1,6,3
284,2017-08-25,28,20,45,41,11,9,5
285,2017-09-01,19,3,9,4,28,7,1
286,2017-09-08,40,48,42,38,11,5,4
287,2017-09-15,47,33,15,22,29,3,7
288,2017-09-22,17,47,36,32,10,5,2
289,2017-09-29,15,12,2,44,29,10,7
290,2017-10-06,28,44,40,17,5,8,1
291,2017-10-13,9,44,46,40,43,1,8
292,2017-10-20,10,25,46,1,49,6,1
293,2017-10-27,23,29,50,2,20,4,5
294,2017-11-03,35,2,45,50,44,6,7
295,2017-11-10,14,17,1,50,24,9,8
296,2017-11-17,4,3,41,47,17,5,2
297,2017-11-24,11,22,43,18,16,7,8
298,2017-12-01,5,29,20,16,30,2,7
299,2017-12-08,9,20,24,34,15,5,1
300,2017-12-15,18,12,16,7,1,4,1
301,2017-12-22,32,16,40,26,47,1,6
302,2017-12-29,16,43,40,33,30,2,4
303,2018-01-05,40,2,38,45,7,10,7
304,2018-01-12,25,17,16,40,44,9,2
305,2018-01-19,47,45,3,9,17,4,9
306,2018-01-26,23,29,10,26,35,5,3
307,2018-02-02,15,29,41,24,33,7,8
308,2018-02-09,46,8,24,34,7,8,4
309,2018-02-16,4,19,25,8,44,10,9
310,2018-02-23,26,46,18,42,33,10,4
311,2018-03-02,27,16,20,46,18,3,5
312,2018-03-09,23,28,15,33,36,7,4
313,2018-03-16,37,27,48,49,4,3,4
314,2018-03-23,4,14,42,22,33,1,10
315,2018-03-30,15,5,29,32,17,7,5
316,2018-04-06,16,8,23,50,6,4,8
317,2018-04-13,25,10,3,34,21,7,10
318,2018-04-20,46,22,25,28,24,4,2
319,2018-04-27,33,21,9,32,31,9,10
320,2018-05-04,26,49,24,29,36,3,6
321,2018-05-11,37,17,39,14,3,10,5
322,2018-05-18,23,1,11,41,44,2,8
323,2018-05-25,15,46,40,31,35,8,3
324,2018-06-01,14,21,19,30,32,7,4
325,2018-06-08,39,5,22,13,36,10,9
326,2018-06-15,21,9,5,7,1,3,10
327,2018-06-22,16,35,33,24,43,6,7
328,2018-06-29,47,18,30,9,48,4,6
329,2018-07-06,38,7,45,24,2,5,8
330,2018-07-13,13,46,34,14,21,5,2
331,2018-07-20,43,33,42,40,13,9,7
332,2018-07-27,40,50,43,2,22,8,3
333,2018-08-03,25,31,12,4,8,8,7
334,2018-08-10,4,17,21,15,23,6,7
335,2018-08-17,12,2,43,44,32,3,4
336,2018-08-24,26,25,8,48,38,6,9
337,2018-08-31,24,6,9,18,3,7,2
338,2018-09-07,28,36,4,43,7,1,6
339,2018-09-14,49,33,35,24,46,9,5
340,2018-09-21,8,16,42,46,5,2,10
341,2018-09-28,40,3,18,8,13,6,10
342,2018-10-05,32,12,44,49,15,5,7
343,2018-10-12,26,50,42,31,6,2,9
344,2018-10-19,9,48,32,12,28,7,8
345,2018-10-26,44,18,19,33,38,4,10
346,2018-11-02,5,42,33,17,27,9,10
347,2018-11-09,8,46,32,34,49,3,5
348,2018-11-16,45,13,15,18,39,5,6
349,2018-11-23,46,28,22,31,17,5,10
350,2018-11-30,18,22,35,41,36,3,4
351,2018-12-07,16,42,31,4,21,6,4
352,2018-12-14,30,24,26,4,14,10,9
353,2018-12-21,20,34,49,16,3,10,2
354,2018-12-28,38,31,24,40,19,10,7
355,2019-01-04,25,3,32,10,43,3,1
356,2019-01-11,49,35,6,39,12,9,4
357,2019-01-18,2,9,36,47,23,9,2
358,2019-01-25,24,35,28,48,25,8,4
359,2019-02-01,6,45,47,38,29,2,3
360,2019-02-08,26,21,24,5,8,5,4
361,2019-02-15,30,24,31,1,47,7,9
362,2019-02-22,26,25,14,21,16,10,8
363,2019-03-01,24,7,19,18,16,1,6
364,2019-03-08,29,45,4,30,31,7,1
365,2019-03-15,19,2,11,1,47,7,2
366,2019-03-22,24,20,49,44,15,9,7
367,2019-03-29,42,15,24,9,4,8,9
368,2019-04-05,31,22,50,43,44,9,1
369,2019-04-12,16,30,14,21,37,8,4
370,2019-04-19,43,47,18,37,21,3,1
371,2019-04-26,1,11,17,38,6,8,4
372,2019-05-03,19,3,42,10,9,1,7
373,2019-05-10,29,15,7,19,5,8,3
374,2019-05-17,27,33,20,46,35,9,5
375,2019-05-24,50,47,38,26,8,3,7
376,2019-05-31,10,35,12,36,43,5,2
377,2019-06-07,8,20,7,38,35,9,5
378,2019-06-14,42,40,41,8,23,10,2
379,2019-06-21,45,41,20,37,27,1,7
380,2019-06-28,38,18,26,25,35,6,5
381,2019-07-05,50,1,48,15,34,10,6
382,2019-07-12,36,31,40,45,42,7,9
383,2019-07-19,47,32,45,49,31,9,7
384,2019-07-26,46,8,30,3,48,1,3
385,2019-08-02,6,41,38,44,11,9,10
386,2019-08-09,4,49,20,21,2,9,10
387,2019-08-16,20,44,42,7,35,7,3
388,2019-08-23,19,18,15,41,42,6,4
389,2019-08-30,35,10,46,18,32,10,3
390,2019-09-06,29,21,24,30,50,1,5
391,2019-09-13,22,33,21,47,3,9,2
392,2019-09-20,21,48,17,49,41,8,4
393,2019-09-27,34,21,24,47,26,6,4
394,2019-10-04,15,19,20,45,49,8,7
395,2019-10-11,44,39,8,12,13,4,9
396,2019-10-18,44,9,6,43,31,6,9
397,2019-10-25,34,2,30,45,35,1,2
398,2019-11-01,17,40,31,3,34,2,1
399,2019-11-08,49,39,14,23,20,10,4
400,2019-11-15,24,30,39,10,19,4,2
401,2019-11-22,3,24,12,37,38,3,7
402,2019-11-29,31,2,30,45,3,8,6
403,2019-12-06,8,14,30,23,45,1,9
404,2019-12-13,25,31,49,38,50,5,10
405,2019-12-20,22,35,12,20,21,4,10
406,2019-12-27,28,45,7,34,12,6,3
407,2020-01-03,35,41,6,30,27,5,4
408,2020-01-10,4,25,49,34,14,9,4
409,2020-01-17,49,1,45,32,23,10,5
410,2020-01-24,5,29,48,20,12,7,9
411,2020-01-31,39,12,1,23,7,4,3
412,2020-02-07,44,7,22,16,36,3,4
413,2020-02-14,30,49,2,6,32,4,1
414,2020-02-21,47,39,45,13,2,4,6
415,2020-02-28,38,12,22,24,29,5,6
416,2020-03-06,35,36,41,19,15,5,10
417,2020-03-13,17,1,39,29,42,7,8
418,2020-03-20,30,37,28,14,9,10,3
419,2020-03-27,41,13,34,23,19,3,8
420,2020-04-03,3,41,26,40,21,8,10
421,2020-04-10,43,50,2,8,7,3,2
422,2020-04-17,33,41,1,18,23,6,2
423,2020-04-24,35,13,34,6,15,5,1
424,2020-05-01,21,11,41,6,12,2,1
425,2020-05-08,11,15,36,9,43,9,8
426,2020-05-15,34,49,29,21,27,8,10
427,2020-05-22,15,40,32,45,12,7,10
428,2020-05-29,22,31,36,8,32,6,10
429,2020-06-05,29,39,9,16,17,1,8
430,2020-06-12,7,22,30,48,16,8,2
431,2020-06-19,38,47,33,2,22,9,2
432,2020-06-26,47,34,14,32,16,7,9
433,2020-07-03,12,36,48,34,47,7,5
434,2020-07-10,5,9,6,29,15,4,9
435,2020-07-17,13,21,25,35,34,5,10
436,2020-07-24,7,11,43,19,32,2,8
437,2020-07-31,3,19,43,28,49,3,2
438,2020-08-07,28,24,15,9,4,2,6
439,2020-08-14,35,9,48,27,20,9,5
440,2020-08-21,26,27,49,30,46,2,1
441,2020-08-28,22,41,8,38,11,4,7
442,2020-09-04,5,23,49,38,28,3,9
443,2020-09-11,5,2,45,43,24,10,4
444,2020-09-18,40,7,14,12,42,7,8
445,2020-09-25,1,7,9,46,29,9,10
446,2020-10-02,39,49,15,34,19,7,2
447,2020-10-09,23,17,29,11,1,8,1
448,2020-10-16,11,35,50,44,5,4,10
449,2020-10-23,23,17,21,37,45,9,7
450,2020-10-30,39,33,19,11,24,1,4
451,2020-11-06,12,5,50,47,26,3,2
452,2020-11-13,38,37,5,17,21,4,1
453,2020-11-20,50,20,34,49,18,7,8
454,2020-11-27,25,22,2,30,1,10,5
455,2020-12-04,40,41,27,1,37,7,10
456,2020-12-11,49,13,15,4,41,9,1
457,2020-12-18,4,17,28,50,27,5,8
458,2020-12-25,7,26,42,10,19,9,1
459,2021-01-01,36,43,17,38,46,6,4
460,2021-01-08,22,25,50,8,38,9,8
461,2021-01-15,19,46,10,32,36,6,4
462,2021-01-22,40,41,38,48,46,6,2
463,2021-01-29,30,16,36,43,33,4,8
464,2021-02-05,33,46,3,16,2,10,2
465,2021-02-12,27,18,24,44,15,7,2
466,2021-02-19,35,27,36,38,41,7,5
467,2021-02-26,32,24,3,29,13,1,7
468,2021-03-05,23,40,9,42,34,1,4
469,2021-03-12,26,11,34,6,18,8,5
470,2021-03-19,19,37,3,34,11,8,9
471,2021-03-26,41,44,7,38,50,8,1
472,2021-04-02,1,43,36,3,4,2,3
473,2021-04-09,32,18,23,29,11,3,7
474,2021-04-16,31,28,12,20,19,6,9
475,2021-04-23,6,3,11,14,49,5,1
476,2021-04-30,43,27,34,40,23,5,7
477,2021-05-07,27,7,19,3,29,7,10
478,2021-05-14,42,50,29,15,1,6,3
479,2021-05-21,39,2,33,15,12,9,4
480,2021-05-28,15,37,43,35,26,8,3
481,2021-06-04,49,26,13,50,17,7,1
482,2021-06-11,23,8,20,50,48,8,9
483,2021-06-18,44,49,14,46,11,10,7
484,2021-06-25,30,4,22,47,17,1,8
485,2021-07-02,25,10,5,31,4,4,6
486,2021-07-09,31,8,14,15,20,9,8
487,2021-07-16,14,9,39,37,24,4,9
488,2021-07-23,13,48,42,33,50,3,9
489,2021-07-30,5,43,14,44,39,6,1
490,2021-08-06,21,16,29,19,36,7,1
491,2021-08-13,46,31,39,4,43,4,1
492,2021-08-20,34,8,36,31,45,10,8
493,2021-08-27,42,22,19,20,25,6,4
494,2021-09-03,5,9,20,44,48,4,10
495,2021-09-10,42,14,18,2,23,10,5
496,2021-09-17,20,27,17,14,32,7,3
497,2021-09-24,38,49,22,12,35,10,5
498,2021-10-01,33,34,37,20,39,8,4
499,2021-10-08,46,20,28,32,38,6,8
500,2021-10-15,25,8,6,21,2,6,9
501,2021-10-22,33,38,15,43,34,3,7
502,2021-10-29,44,38,11,23,37,4,8
503,2021-11-05,13,25,6,49,31,2,7
504,2021-11-12,4,44,46,30,43,3,1
505,2021-11-19,21,6,12,34,20,5,4
506,2021-11-26,17,7,37,39,21,5,3
507,2021-12-03,2,5,23,13,15,8,6
508,2021-12-10,8,34,30,48,9,8,5
509,2021-12-17,16,50,8,44,6,10,1
510,2021-12-24,42,17,21,35,3,9,8
511,2021-12-31,43,36,42,7,16,6,8
512,2022-01-07,8,17,21,23,47,2,6
513,2022-01-14,9,15,27,41,44,2,4
514,2022-01-21,2,5,9,29,32,2,4
515,2022-01-28,5,21,23,29,35,7,9
516,2022-02-04,12,18,27,33,41,9,10
517,2022-02-11,5,10,26,37,42,3,10
518,2022-02-18,5,10,25,29,32,4,7
519,2022-02-25,4,19,34,41,43,1,5
520,2022-03-04,1,17,20,36,49,6,9
521,2022-03-11,5,31,39,46,49,8,9
522,2022-03-18,1,8,33,38,43,2,6
523,2022-03-25,11,20,31,35,46,6,10
524,2022-03-29,10,15,18,24,39,2,11
525,2022-04-01,7,8,35,37,49,5,8
526,2022-04-05,9,10,28,38,48,8,12
527,2022-04-08,2,26,41,45,48,5,12
528,2022-04-12,19,20,24,36,41,4,5
529,2022-04-15,2,5,10,20,24,4,7
530,2022-04-19,3,7,15,17,35,3,4
531,2022-04-22,2,18,28,42,50,2,11
532,2022-04-26,10,27,32,41,49,1,9
533,2022-04-29,5,6,17,18,34,1,11
534,2022-05-03,6,13,22,24,30,5,10
535,2022-05-06,5,6,39,49,50,10,12
536,2022-05-10,3,7,34,43,50,5,10
537,2022-05-13,7,13,30,43,47,7,11
538,2022-05-17,2,13,41,45,50,2,3
539,2022-05-20,4,22,28,32,47,1,2
540,2022-05-24,25,26,40,45,47,4,5
541,2022-05-27,8,26,29,41,48,3,5
542,2022-05-31,14,30,37,39,50,4,12
543,2022-06-03,4,22,27,39,41,1,9
544,2022-06-07,5,7,45,48,49,3,8
545,2022-06-10,3,21,23,28,46,10,12
546,2022-06-14,11,28,30,35,50,7,8
547,2022-06-17,1,2,23,43,45,1,9
548,2022-06-21,6,10,17,29,49,2,5
549,2022-06-24,13,24,30,35,48,4,5
550,2022-06-28,2,10,23,29,50,3,10
551,2022-07-01,4,10,24,34,35,7,8
552,2022-07-05,7,16,28,36,43,2,11
553,2022-07-08,6,10,22,30,36,8,10
554,2022-07-12,3,16,26,30,47,1,2
555,2022-07-15,9,11,16,19,32,3,5
556,2022-07-19,20,23,24,37,43,9,10
557,2022-07-22,1,11,17,19,33,3,7
558,2022-07-26,1,2,7,24,25,2,5
559,2022-07-29,14,26,29,46,50,10,11
560,2022-08-02,6,11,39,40,47,7,8
561,2022-08-05,10,12,17,31,49,2,8
562,2022-08-09,23,26,36,40,44,5,10
563,2022-08-12,14,32,34,38,46,2,5
564,2022-08-16,4,17,32,34,49,4,9
565,2022-08-19,4,13,32,39,41,6,8
566,2022-08-23,2,9,18,21,39,4,10
567,2022-08-26,2,6,18,29,37,10,12
568,2022-08-30,18,27,41,45,49,7,9
569,2022-09-02,2,5,11,22,24,7,12
570,2022-09-06,6,10,11,20,38,3,9
571,2022-09-09,9,18,26,41,43,4,9
572,2022-09-13,20,22,26,34,40,8,12
573,2022-09-16,16,25,27,41,45,3,9
574,2022-09-20,2,13,22,36,40,3,5
575,2022-09-23,20,30,38,39,44,2,12
576,2022-09-27,15,23,26,31,44,1,8
577,2022-09-30,8,12,15,17,46,1,8
578,2022-10-04,17,42,43,48,49,3,7
579,2022-10-07,16,17,26,30,35,3,9
580,2022-10-11,7,35,36,39,47,3,8
581,2022-10-14,3,5,8,10,44,7,12
582,2022-10-18,13,18,24,34,50,5,6
583,2022-10-21,2,11,18,47,49,2,7
584,2022-10-25,17,26,35,37,39,3,4
585,2022-10-28,4,5,21,30,43,5,11
586,2022-11-01,18,32,39,42,44,4,7
587,2022-11-04,7,9,40,48,49,7,8
588,2022-11-08,15,17,23,35,38,4,9
589,2022-11-11,11,15,24,28,41,3,12
590,2022-11-15,1,7,11,33,48,9,12
591,2022-11-18,13,14,25,28,42,11,12
592,2022-11-22,11,20,23,37,46,9,11
593,2022-11-25,4,6,8,42,48,6,11
594,2022-11-29,9,16,32,37,46,7,12
595,2022-12-02,6,12,25,48,49,11,12
596,2022-12-06,8,12,37,44,47,7,10
597,2022-12-09,6,8,13,21,32,3,6
598,2022-12-13,3,13,33,36,47,3,11
599,2022-12-16,9,14,15,20,47,8,12
600,2022-12-20,6,11,26,43,49,5,8
601,2022-12-23,9,34,35,42,44,6,11
602,2022-12-27,28,33,34,37,44,4,11
603,2022-12-30,3,37,45,47,50,5,10
604,2023-01-03,28,29,31,37,50,4,5
605,2023-01-06,14,28,31,47,50,7,12
606,2023-01-10,9,16,27,41,45,1,4
607,2023-01-13,7,14,34,41,49,4,9
608,2023-01-17,6,11,16,35,44,2,6
609,2023-01-20,1,12,15,31,47,9,10
610,2023-01-24,9,16,17,27,31,1,9
611,2023-01-27,4,9,29,34,37,3,12
612,2023-01-31,20,21,30,41,43,10,11
613,2023-02-03,1,7,17,44,50,2,10
614,2023-02-07,10,15,25,37,46,7,12
615,2023-02-10,3,10,20,36,42,8,10
616,2023-02-14,1,2,6,14,45,2,7
617,2023-02-17,5,12,15,21,39,3,4
618,2023-02-21,13,20,34,38,43,3,6
619,2023-02-24,1,5,12,18,20,6,7
620,2023-02-28,6,20,27,38,49,3,9
621,2023-03-03,1,18,37,46,48,3,7
622,2023-03-07,4,11,12,16,42,3,5
623,2023-03-10,6,17,22,39,46,5,12
624,2023-03-14,9,16,32,34,48,2,6
625,2023-03-17,5,18,21,29,45,1,6
626,2023-03-21,8,13,16,44,47,6,8
627,2023-03-24,6,21,23,26,43,3,9
628,2023-03-28,6,12,36,37,44,1,11
629,2023-03-31,10,11,31,37,44,5,12
630,2023-04-04,1,15,19,24,33,7,8
631,2023-04-07,16,28,32,36,48,5,10
632,2023-04-11,5,19,33,37,42,7,9
633,2023-04-14,7,11,20,21,29,6,11
634,2023-04-18,16,28,31,35,42,2,10
635,2023-04-21,5,13,16,41,45,3,6
636,2023-04-25,12,21,24,28,40,1,3
637,2023-04-28,4,8,9,30,35,6,7
638,2023-05-02,11,12,13,23,26,11,12
639,2023-05-05,17,18,30,33,35,6,8
640,2023-05-09,6,11,29,34,39,2,3
641,2023-05-12,10,27,30,32,34,5,8
642,2023-05-16,28,30,31,45,46,4,8
643,2023-05-19,1,5,8,20,35,3,12
644,2023-05-23,1,2,11,14,36,2,3
645,2023-05-26,1,3,29,45,47,5,8
646,2023-05-30,2,8,16,21,39,4,5
647,2023-06-02,8,9,11,13,50,6,11
648,2023-06-06,5,7,21,22,29,3,10
649,2023-06-09,8,13,24,35,46,6,8
650,2023-06-13,11,29,32,46,47,5,7
651,2023-06-16,5,19,33,36,42,7,12
652,2023-06-20,9,18,30,34,48,1,7
653,2023-06-23,2,3,18,23,39,6,8
654,2023-06-27,7,10,13,34,47,5,9
655,2023-06-30,3,14,23,41,43,2,6
656,2023-07-04,19,21,23,36,39,5,12
657,2023-07-07,9,18,20,40,41,3,9
658,2023-07-11,11,15,17,24,46,2,11
659,2023-07-14,2,4,12,31,50,6,8
660,2023-07-18,14,16,24,40,43,1,5
661,2023-07-21,7,16,22,38,41,5,9
662,2023-07-25,3,9,11,20,39,2,3
663,2023-07-28,10,16,34,36,49,3,7
664,2023-08-01,2,9,38,40,44,5,11
665,2023-08-04,3,17,19,32,38,6,7
666,2023-08-08,6,12,25,31,37,6,9
667,2023-08-11,1,35,36,38,39,3,10
668,2023-08-15,12,21,23,26,41,5,6
669,2023-08-18,2,16,22,28,46,4,8
670,2023-08-22,8,40,41,46,47,3,11
671,2023-08-25,2,5,11,27,38,10,12
672,2023-08-29,14,18,20,39,42,6,9
673,2023-09-01,1,13,16,23,27,10,11
674,2023-09-05,9,11,13,15,25,4,9
675,2023-09-08,21,29,31,46,49,5,6
676,2023-09-12,5,13,43,45,50,1,10
677,2023-09-15,3,8,10,31,36,2,3
678,2023-09-19,8,18,26,38,39,4,12
679,2023-09-22,14,24,31,44,45,7,11
680,2023-09-26,23,24,38,42,44,1,10
681,2023-09-29,14,24,29,45,48,3,9
682,2023-10-03,13,28,29,31,47,8,9
683,2023-10-06,17,18,40,43,50,9,11
684,2023-10-10,7,8,12,21,43,4,11
685,2023-10-13,16,23,30,37,41,2,9
686,2023-10-17,6,8,42,49,50,3,5
687,2023-10-20,11,16,22,34,46,2,5
688,2023-10-24,5,14,35,40,47,1,3
689,2023-10-27,6,13,15,20,40,2,8
690,2023-10-31,6,15,21,34,48,1,5
691,2023-11-03,6,21,23,31,39,1,5
692,2023-11-07,26,36,43,47,49,4,7
693,2023-11-10,1,17,22,29,31,5,6
694,2023-11-14,9,30,34,38,48,2,3
695,2023-11-17,4,14,15,20,28,7,9
696,2023-11-21,9,20,21,22,38,3,12
697,2023-11-24,16,27,33,34,39,2,7
698,2023-11-28,11,12,13,23,36,3,8
699,2023-12-01,23,32,38,45,49,1,9
700,2023-12-05,6,11,16,26,49,2,9
701,2023-12-08,2,8,28,32,37,3,6
702,2023-12-12,2,8,20,34,40,9,12
703,2023-12-15,7,15,17,18,39,1,10
704,2023-12-19,4,6,17,31,45,6,12
705,2023-12-22,4,6,12,31,38,2,12
706,2023-12-26,4,13,16,22,27,1,10
707,2023-12-29,2,21,34,40,48,2,6
708,2024-01-02,19,26,36,48,49,10,11
709,2024-01-05,11,30,32,45,47,3,10
710,2024-01-09,9,12,26,41,47,7,10
711,2024-01-12,3,31,34,43,45,6,9
712,2024-01-16,6,19,32,39,42,4,9
713,2024-01-19,10,12,18,33,47,7,10
714,2024-01-23,9,18,20,32,39,5,8
715,2024-01-26,18,23,35,37,41,6,7
716,2024-01-30,10,12,15,46,48,9,11
717,2024-02-02,13,17,21,30,39,8,11
718,2024-02-06,16,19,20,26,44,1,4
719,2024-02-09,4,10,11,20,22,7,10
720,2024-02-13,7,20,22,45,48,10,12
721,2024-02-16,7,11,17,18,34,3,5
722,2024-02-20,1,3,11,15,30,4,10
723,2024-02-23,10,19,22,37,41,2,6
724,2024-02-27,15,17,30,38,49,1,11
725,2024-03-01,13,26,30,34,41,3,7
726,2024-03-05,2,20,30,31,40,8,12
727,2024-03-08,2,11,17,23,49,4,12
728,2024-03-12,2,8,11,16,20,4,10
729,2024-03-15,16,20,25,30,49,3,10
730,2024-03-19,1,20,28,32,49,3,10
731,2024-03-22,5,17,36,37,50,3,7
732,2024-03-26,12,15,17,30,32,1,6
733,2024-03-29,7,11,30,31,39,5,10
734,2024-04-02,14,17,29,32,45,1,2
735,2024-04-05,5,8,16,30,37,1,10
736,2024-04-09,1,7,21,27,43,1,3
737,2024-04-12,1,34,39,47,49,1,12
738,2024-04-16,35,36,37,41,48,1,12
739,2024-04-19,8,14,21,34,36,1,2
740,2024-04-23,2,3,6,15,35,1,3
741,2024-04-26,3,18,23,29,47,5,12
742,2024-04-30,4,20,33,37,45,8,9
743,2024-05-03,9,17,36,40,45,5,7
744,2024-05-07,3,11,32,33,35,3,11
745,2024-05-10,28,31,39,45,49,8,11
746,2024-05-14,19,22,23,24,27,1,6
747,2024-05-17,1,2,29,36,48,1,11
748,2024-05-21,7,23,31,33,38,10,11
749,2024-05-24,2,3,4,21,45,6,12
750,2024-05-28,13,26,27,35,46,3,4
751,2024-05-31,4,23,34,39,45,6,7
752,2024-06-04,1,3,24,43,49,2,4
753,2024-06-07,8,15,29,37,45,5,10
754,2024-06-11,4,12,16,29,31,1,9
755,2024-06-14,10,21,27,42,46,2,6
756,2024-06-18,4,10,23,24,45,7,8
757,2024-06-21,2,22,24,30,40,5,6
758,2024-06-25,8,14,25,31,45,3,12
759,2024-06-28,1,8,30,43,45,10,12
760,2024-07-02,10,29,30,32,40,6,12
761,2024-07-05,4,11,16,25,32,1,11
762,2024-07-09,5,14,25,26,44,8,10
763,2024-07-12,2,14,30,32,34,3,4
764,2024-07-16,8,22,27,36,43,5,8
765,2024-07-19,13,18,22,26,32,10,11
766,2024-07-23,9,13,21,24,38,6,12
767,2024-07-26,7,11,22,26,46,5,11
768,2024-07-30,2,16,30,31,49,2,5
769,2024-08-02,14,20,26,30,31,1,2
770,2024-08-06,4,9,22,32,35,9,10
771,2024-08-09,15,18,25,29,35,1,5
772,2024-08-13,6,9,33,34,50,1,7
773,2024-08-16,4,11,16,46,50,1,3
774,2024-08-20,25,28,29,31,33,6,12
775,2024-08-23,13,21,22,26,48,2,7
776,2024-08-27,15,24,29,33,39,2,9
777,2024-08-30,8,11,25,31,48,11,12
778,2024-09-03,5,17,23,36,37,5,9
779,2024-09-06,7,11,27,42,45,3,10
780,2024-09-10,7,10,31,41,46,1,5
781,2024-09-13,2,3,17,40,44,4,8
782,2024-09-17,1,3,13,24,44,11,12
783,2024-09-20,9,17,19,26,39,4,10
784,2024-09-24,3,13,34,41,43,1,5
785,2024-09-27,6,15,25,29,41,1,3
786,2024-10-01,17,37,42,45,50,6,7
787,2024-10-04,4,16,27,34,44,4,7
788,2024-10-08,13,29,42,44,48,2,8
789,2024-10-11,8,11,23,44,45,10,12
790,2024-10-15,9,20,38,44,45,4,12
791,2024-10-18,2,4,23,30,40,4,10
792,2024-10-22,4,32,36,38,47,3,9
793,2024-10-25,2,19,36,42,50,4,9
794,2024-10-29,3,17,26,30,49,1,10
795,2024-11-01,13,21,27,28,41,1,3
796,2024-11-05,22,29,36,38,43,1,6
797,2024-11-08,6,23,38,42,45,9,12
798,2024-11-12,2,3,34,38,49,10,11
799,2024-11-15,27,31,35,46,50,3,10
800,2024-11-19,4,7,19,26,27,4,5
801,2024-11-22,6,10,30,34,41,7,10
802,2024-11-26,20,21,28,32,37,1,5
803,2024-11-29,10,19,24,25,40,5,9
804,2024-12-03,7,20,23,24,37,4,10
805,2024-12-06,8,14,45,47,50,2,12
806,2024-12-10,17,23,30,41,43,4,11
807,2024-12-13,1,4,19,35,42,1,3
808,2024-12-17,11,14,18,35,42,4,11
809,2024-12-20,1,3,10,32,44,1,8
810,2024-12-24,9,15,28,36,39,6,7
811,2024-12-27,1,9,25,27,37,6,8
812,2024-12-31,26,34,49,2,21,7,12
813,2025-01-03,27,21,20,29,1,10,8
814,2025-01-07,16,44,20,1,23,9,5
815,2025-01-10,38,17,42,48,34,2,11
816,2025-01-14,30,20,11,17,10,2,6
817,2025-01-17,31,18,9,7,14,7,8
818,2025-01-21,3,17,40,22,28,9,4
819,2025-01-24,46,16,2,9,47,9,3
820,2025-01-28,43,7,28,46,2,12,5
821,2025-01-31,47,32,1,23,42,11,4
822,2025-02-04,41,21,10,18,42,9,3
823,2025-02-07,27,33,15,45,17,9,5
824,2025-02-11,47,12,3,22,28,1,12
825,2025-02-14,45,18,14,12,50,10,2
826,2025-02-18,44,1,19,14,9,2,3
827,2025-02-21,29,35,36,26,18,12,11
828,2025-02-25,31,28,42,38,48,10,3
829,2025-02-28,21,3,20,4,13,8,12
830,2025-03-04,48,4,35,12,37,4,10
831,2025-03-07,12,42,32,11,7,4,1
832,2025-03-11,22,23,18,44,15,11,1
833,2025-03-14,6,13,37,45,28,10,5
834,2025-03-18,50,47,14,7,1,3,7
835,2025-03-21,8,12,14,16,9,6,12
836,2025-03-25,35,50,30,11,3,5,4
837,2025-03-28,19,2,34,15,49,2,6
838,2025-04-01,39,41,17,50,12,9,12
839,2025-04-04,19,38,29,37,23,8,2
840,2025-04-08,47,40,39,41,17,5,8
841,2025-04-11,49,28,26,27,2,1,10
842,2025-04-15,8,13,35,11,33,1,10
843,2025-04-18,12,8,7,29,44,3,12
844,2025-04-22,23,38,16,10,29,5,3
845,2025-04-25,40,14,13,45,43,8,5
846,2025-04-29,34,21,30,27,17,8,11
847,2025-05-02,33,22,3,35,15,1,7
848,2025-05-06,49,46,21,22,1,10,9
849,2025-05-09,1,5,36,27,43,9,5
850,2025-05-13,34,16,33,19,14,5,12
851,2025-05-16,8,6,15,27,39,12,6
852,2025-05-20,28,19,20,21,8,10,7
853,2025-05-23,17,40,33,19,11,12,7
854,2025-05-27,41,9,25,6,17,4,10
855,2025-05-30,26,43,5,4,29,9,5
856,2025-06-03,8,26,30,6,19,1,12
857,2025-06-06,11,23,39,7,8,5,11
858,2025-06-10,20,1,17,42,28,12,2
859,2025-06-13,46,15,27,1,18,9,5
860,2025-06-17,10,35,13,15,33,12,7
861,2025-06-20,12,37,46,18,6,9,7
862,2025-06-24,20,31,44,35,40,3,4
863,2025-06-27,4,14,26,29,50,3,12
864,2025-07-01,1,9,10,12,14,6,8
865,2025-07-04,14,23,34,41,44,5,10
867,2025-07-08,21,27,29,34,43,6,10
868,2025-07-11,6,12,13,43,46,6,11
870,2025-07-15,13,28,33,37,45,6,11
871,2025-07-18,10,12,21,25,39,2,4
872,2025-07-22,5,20,42,46,48,7,8
873,2025-07-25,7,8,13,29,36,4,8
874,2025-07-29,20,21,38,43,49,6,11
875,2025-08-01,4,11,12,20,33,3,5
876,2025-08-05,1,18,21,22,34,1,6
877,2025-08-08,7,16,23,41,42,1,4
